loc,distance
Media Arts,0.008317101262126285
Digital Arts,0.008443616757031612
Communication,0.010049583742150031
Economics Dept,0.010386061675811976
